dataset,file,a,b,c,c_fixed,n_points,pflops_min,pflops_max,loss_min,loss_max
scaling_data_baseline,scaling_analysis/scaling_data_baseline.csv,4.097321055463703,-0.11859952261039856,1.8699897742140799,False,12,267.8948661999698,132435.31986619858,2.87451171875,3.9876302083333335
scaling_data_skinnyq_frontier,scaling_analysis/scaling_data_skinnyq_frontier.csv,4.10123118576085,-0.11942720597891433,1.8699897742140799,True,12,636.04855047979,121050.302987511,2.8837890625,3.7732747395833335
