{
  "eval/SlimPajama_validation/loss": {
    "final": 4.029296875,
    "min": 4.029296875,
    "max": 11.5625,
    "count": 99,
    "final_step": 9731
  },
  "eval/SlimPajama_validation/num_tokens/loss": {
    "final": 4.029296875,
    "min": 4.029296875,
    "max": 11.5625,
    "count": 99,
    "final_step": 956596224
  },
  "eval/SlimPajama_validation/pflops/loss": {
    "final": 4.029296875,
    "min": 4.029296875,
    "max": 11.5625,
    "count": 99,
    "final_step": 274.5314228557578
  },
  "train/learning_rate": {
    "final": 0.00015420517080263742,
    "min": 0.00015420517080263742,
    "max": 0.0014998598276399126,
    "count": 98,
    "final_step": 9700
  },
  "train/loss": {
    "final": 3.8294272422790527,
    "min": 3.8294272422790527,
    "max": 11.5625,
    "count": 98,
    "final_step": 9700
  },
  "train/num_tokens": {
    "final": 953647104.0,
    "min": 98304.0,
    "max": 953647104.0,
    "count": 98,
    "final_step": 9700
  },
  "train/pflops_total": {
    "final": 273.6850614658007,
    "min": 0.028212046331904,
    "max": 273.6850614658007,
    "count": 98,
    "final_step": 9700
  },
  "train/step_time_seconds": {
    "final": 0.4564976692199707,
    "min": -1.6014184951782227,
    "max": 43.09319543838501,
    "count": 98,
    "final_step": 9700
  },
  "train/tflops_per_second": {
    "final": 61.8010742094492,
    "min": -17.616910518299132,
    "max": 62.216611990570634,
    "count": 98,
    "final_step": 9700
  }
}